x,y,z,type,volume,cycle entry,custom:GFP,custom:sample
-1.5872894520457717,-10.0,0.0,default
15.238131643862685,-10.0,0.0,default
-10.0,4.571242098427332,0.0,default
6.825421095908457,4.571242098427332,0.0,default